day_type,weather,start_hour,end_hour,average_traffic,observations
weekday,all,22,23,2125.91,1427
weekday,all,21,22,2673.04,1425
weekday,all,5,6,2701.3,1456
weekend,all,5,6,639.24,607
weekend,all,6,7,1089.1,598
weekend,all,7,8,1589.37,604
weekday,clear,22,23,2222.53,486
weekday,clear,5,6,2731.81,418
weekday,clear,21,22,2743.68,424
weekday,clouds,22,23,2146.46,411
weekday,clouds,5,6,2632.15,325
weekday,clouds,21,22,2730.96,473
weekday,drizzle,22,23,1997.8,65
weekday,drizzle,21,22,2546.32,60
weekday,drizzle,20,21,2740.87,54
weekday,fog,22,23,2136.67,12
weekday,fog,21,22,2249.4,5
weekday,fog,20,21,2517.0,6
weekday,haze,22,23,2157.35,31
weekday,haze,5,6,2600.09,34
weekday,haze,21,22,2836.79,29
weekday,mist,22,23,1992.81,134
weekday,mist,21,22,2521.79,135
weekday,mist,20,21,2603.63,114
weekday,rain,22,23,1998.66,174
weekday,rain,21,22,2612.71,182
weekday,rain,5,6,2769.56,163
weekday,snow,22,23,2076.84,85
weekday,snow,21,22,2468.0,85
weekday,snow,5,6,2520.91,87
weekday,thunderstorm,22,23,1987.03,29
weekday,thunderstorm,21,22,2562.25,32
weekday,thunderstorm,5,6,2810.29,35
weekend,clear,5,6,642.06,194
weekend,clear,6,7,1116.61,171
weekend,clear,7,8,1632.07,147
weekend,clouds,5,6,648.93,136
weekend,clouds,6,7,1100.53,133
weekend,clouds,7,8,1618.1,166
weekend,drizzle,5,6,627.93,15
weekend,drizzle,6,7,1047.68,25
weekend,drizzle,7,8,1452.61,23
weekend,fog,5,6,668.5,28
weekend,fog,6,7,1121.93,27
weekend,fog,7,8,1656.81,27
weekend,haze,5,6,712.36,11
weekend,haze,6,7,1229.56,9
weekend,haze,7,8,1579.0,12
weekend,mist,5,6,645.09,112
weekend,mist,6,7,1079.6,116
weekend,mist,7,8,1552.28,116
weekend,rain,5,6,617.9,63
weekend,rain,6,7,1054.84,67
weekend,rain,7,8,1529.0,63
weekend,snow,5,6,545.62,29
weekend,snow,6,7,958.88,32
weekend,snow,7,8,1472.61,33
weekend,thunderstorm,5,6,639.28,18
weekend,thunderstorm,6,7,1087.18,17
weekend,thunderstorm,7,8,1699.81,16
