feature,mean_abs_shap
hour_cos,1424.4329973282433
hour,422.59099102870044
hour_sin,195.06078581059256
day_of_week,149.9361739096107
is_weekend,142.27399214450168
day_sin,133.4463702603455
temp,114.43138508427305
day_cos,60.53619231587084
clouds_all,29.142268384447643
weather_severity,26.2122563006573
rain_1h,7.621488490970361
weather_clouds,6.019231865881174
weather_mist,3.857274521257074
weather_clear,3.8249841486312053
is_low_visibility,3.327510556238719
weather_snow,3.065840348060423
weather_fog,2.705632214182075
is_severe_weather,2.3176460604755853
weather_rain,1.5266616791054768
weather_haze,1.1599648370792783
weather_drizzle,1.1204798755126437
weather_thunderstorm,0.6470417447624945
holiday_flag,0.5506898900443987
snow_1h,0.48129076741570836
weather_squall,0.010141677246735627
weather_smoke,0.00750170211254441
